{
  "total_ratings": 81116,
  "total_users": 610,
  "total_movies": 2269,
  "sparsity": 94.13939844952279,
  "avg_ratings_per_user": 132.97704918032787,
  "avg_ratings_per_movie": 35.749669457910976
}